1,1,0,0,0,0,1,0,1,0,5,10,0,0,1,0,
1,1,0,1,0,0,1,0,4,1,9,10,0,0,1,0,
2,3,2,3,0,0,2,1,8,3,11,3,0,0,0,1,
2,4,2,4,0,0,4,1,8,4,8,2,0,0,1,0,
3,5,2,5,0,0,6,1,12,5,4,11,0,1,0,1,
4,6,3,5,1,0,6,2,12,6,9,5,0,1,0,0,
6,6,4,6,4,0,7,3,15,6,6,5,0,0,1,0,
6,6,6,8,6,0,8,3,15,6,3,10,0,0,1,0,
6,9,6,10,6,0,8,3,20,6,4,11,0,1,1,0,
6,9,7,10,6,1,8,3,22,7,9,9,0,0,0,1,
6,9,7,10,6,1,8,5,24,7,7,8,0,0,1,0,
7,11,7,10,9,2,9,6,25,8,10,10,0,0,0,1,
7,11,8,11,9,2,9,6,28,8,11,7,0,0,1,0,
7,11,8,11,9,4,9,6,30,9,9,6,0,1,0,0,
7,11,9,11,10,4,9,7,33,9,11,10,0,0,0,1,
7,11,10,12,11,5,12,7,35,11,10,11,0,0,0,1,
7,11,11,12,11,5,12,8,37,12,10,5,0,0,1,0,
8,12,12,14,12,5,12,8,39,12,8,11,0,0,0,1,
8,12,12,14,12,5,13,8,40,14,4,4,0,0,1,0,
9,12,14,14,12,5,13,9,42,14,7,10,0,1,0,0,
12,12,14,14,12,6,14,9,43,16,7,4,0,0,1,0,
12,13,15,14,12,8,15,9,44,16,10,10,0,1,0,0,
12,14,15,14,14,8,15,10,46,16,5,4,0,0,0,1,
13,15,16,15,14,9,16,11,48,16,4,11,0,0,0,1,
13,17,17,15,14,9,16,11,50,17,10,5,0,0,0,1,
14,19,17,17,16,10,18,14,58,18,10,2,0,0,0,1,
15,19,19,17,17,10,18,15,63,18,9,10,0,1,0,0,
15,19,19,17,17,10,18,17,65,19,5,8,0,0,0,1,
15,20,20,18,18,10,19,17,66,19,8,5,0,0,1,0,
17,20,20,19,18,10,20,18,67,19,5,5,0,0,1,0,
18,20,22,21,19,10,21,18,71,19,10,7,0,1,0,0,
18,20,22,21,19,12,21,19,73,19,4,8,0,1,1,0,
18,21,24,22,19,12,22,19,74,19,10,10,0,0,1,0,
20,21,24,22,20,15,22,22,82,22,5,6,0,1,0,1,
20,21,24,23,21,16,22,23,83,22,2,4,0,1,1,0,
21,22,25,23,21,17,23,23,84,22,10,2,0,0,0,1,
22,22,26,23,22,19,24,23,86,24,2,10,0,0,0,1,
23,22,26,23,23,19,24,23,89,24,10,6,1,1,0,0,
24,22,26,23,25,21,24,23,92,24,9,9,0,0,0,1,
24,23,26,23,25,22,24,25,92,25,5,9,0,0,0,1,
24,23,26,24,25,22,25,26,93,25,10,7,0,2,0,0,
25,23,27,24,25,23,25,27,95,25,10,10,0,0,0,1,
25,23,27,25,25,23,26,27,98,25,2,7,0,1,0,1,
26,23,28,25,25,24,27,27,98,26,9,10,0,0,1,0,
27,25,28,25,25,24,27,28,101,26,10,6,0,1,0,0,
27,26,28,27,27,25,28,28,108,28,3,6,0,0,1,0,
1,0,0,0,2,0,0,0,1,0,10,8,0,1,0,0,
3,0,1,0,2,0,1,1,3,0,7,5,0,0,1,0,
5,3,1,3,3,3,3,3,8,1,10,5,0,0,1,0,
6,4,2,4,3,4,3,4,9,2,8,6,0,1,1,0,
6,5,2,6,4,4,4,4,13,3,10,10,0,0,0,1,
7,5,2,6,4,4,5,4,16,3,7,10,0,1,0,1,
7,6,2,7,4,5,5,4,18,4,11,4,1,0,0,1,
7,6,3,8,4,7,5,4,20,6,10,4,0,1,0,0,
7,6,5,8,4,7,5,4,24,6,3,10,0,0,1,0,
8,7,7,8,4,7,5,5,26,6,4,4,0,0,1,0,
8,7,9,8,4,7,5,5,29,6,9,10,0,0,1,0,
8,7,9,10,5,7,5,6,31,6,9,10,0,0,0,1,
9,7,10,11,6,9,5,8,35,7,8,6,0,0,1,0,
9,7,10,11,7,11,6,9,36,7,7,2,0,0,1,0,
10,7,11,11,7,12,6,9,37,8,10,10,0,0,0,1,
10,7,11,11,7,12,6,9,41,8,2,3,0,0,1,0,
11,9,11,12,8,12,7,9,42,8,5,2,0,0,0,1,
12,9,12,13,9,12,7,9,43,8,4,3,0,1,1,0,
12,10,14,14,9,12,8,10,46,9,8,11,0,1,1,0,
13,10,14,15,9,12,10,10,47,10,2,7,0,0,1,0,
15,14,14,16,9,16,11,11,49,12,10,10,0,1,0,0,
16,14,14,16,10,16,12,11,52,12,4,10,0,0,1,0,
17,16,16,16,11,17,12,11,53,13,10,10,0,1,0,0,
18,16,16,16,11,17,12,12,57,14,4,10,0,0,0,1,
19,16,18,16,13,17,13,12,61,14,7,2,1,1,0,0,
20,16,18,16,13,19,13,12,64,15,11,9,0,0,1,0,
21,16,18,16,14,19,13,13,66,16,10,10,0,0,1,0,
21,17,18,17,14,19,14,16,69,16,10,9,0,0,0,1,
21,17,18,17,14,19,14,17,72,16,6,7,0,0,0,1,
22,17,19,19,16,20,14,19,74,16,4,5,0,0,1,0,
22,17,20,20,16,20,15,19,76,16,11,4,0,0,1,0,
22,17,21,20,17,20,17,19,77,17,10,11,0,0,0,1,
22,17,21,21,18,20,17,19,79,19,10,10,0,0,1,0,
22,17,22,21,18,20,18,19,83,19,7,10,0,2,0,0,
22,17,24,21,19,21,19,20,89,19,8,8,0,0,0,1,
25,22,26,23,20,22,21,24,94,20,7,10,0,1,0,0,
25,22,26,23,21,24,21,24,95,21,4,5,0,1,0,1,
25,22,27,24,22,24,22,25,96,21,7,10,0,0,1,0,
26,23,28,24,22,25,24,25,100,21,10,5,0,0,0,1,
26,23,28,25,22,25,24,25,102,22,6,10,0,0,0,1,
26,23,28,26,23,25,24,26,104,22,6,11,0,0,0,1,
26,23,28,26,25,25,24,26,104,24,7,10,0,1,0,0,
26,23,28,26,27,26,26,26,105,24,10,10,0,0,0,1,
28,24,28,27,27,28,28,27,110,26,11,3,0,0,0,1,
28,25,28,27,28,28,28,27,110,28,10,3,0,1,0,0,
28,28,28,28,28,28,28,28,112,28,10,7,0,0,0,1,
0,0,0,0,0,1,0,0,3,0,11,6,0,2,1,0,
1,2,0,2,2,2,4,2,7,3,10,7,0,1,0,0,
2,2,0,2,2,4,4,2,10,3,8,4,0,0,0,1,
2,2,1,2,5,4,5,2,10,3,2,10,0,0,1,0,
4,2,1,2,5,5,5,2,12,3,4,5,0,1,1,0,
4,3,2,3,5,6,5,2,14,3,8,7,1,1,0,1,
5,3,2,4,6,7,7,2,17,4,2,11,0,0,0,1,
7,4,3,4,6,7,7,3,17,5,10,10,0,0,1,0,
7,4,5,4,6,7,7,3,21,5,8,2,0,0,0,1,
8,4,5,4,6,7,8,3,23,5,3,3,0,0,0,1,
8,6,7,4,6,7,8,3,24,5,6,11,0,0,0,1,
8,6,8,6,7,7,9,3,27,6,11,8,0,0,0,1,
8,6,10,7,8,7,10,4,30,8,10,2,0,0,1,0,
9,7,10,8,8,8,10,4,32,8,2,3,0,0,0,1,
10,8,12,8,9,9,11,6,33,8,5,10,0,0,0,1,
12,8,12,10,9,9,12,6,34,8,10,10,0,0,1,0,
12,8,12,10,9,9,13,6,38,8,8,10,0,0,1,0,
12,8,12,10,9,9,15,7,40,8,11,9,0,0,1,0,
12,8,12,10,9,9,15,8,43,9,10,8,0,0,0,1,
12,9,12,10,10,9,17,8,44,9,7,10,0,0,1,0,
12,9,13,10,10,10,17,8,47,9,10,4,0,0,0,1,
14,9,14,12,10,13,17,8,49,9,3,2,0,1,1,0,
16,11,14,13,10,13,18,8,54,9,4,4,0,1,1,0,
16,11,17,13,12,13,18,8,55,9,11,10,0,0,1,0,
16,11,17,13,12,13,20,8,57,10,2,5,0,0,0,1,
19,11,17,15,12,13,21,9,59,10,5,6,0,0,0,1,
19,11,17,16,13,13,22,9,59,11,3,6,0,0,1,0,
19,12,20,16,14,14,22,11,62,11,6,10,0,0,1,0,
19,12,20,16,15,14,22,12,65,11,6,9,0,1,0,0,
20,12,21,17,16,15,22,13,66,11,11,10,0,1,1,0,
20,13,21,17,16,17,22,14,67,12,10,10,0,0,1,0,
21,13,21,18,16,17,22,15,69,13,5,10,0,0,1,0,
21,14,21,20,16,17,22,15,72,13,10,11,0,0,1,0,
21,15,21,20,16,17,22,15,76,14,9,10,0,0,1,0,
21,15,21,20,16,18,22,17,77,15,10,9,0,1,0,0,
21,16,22,21,16,18,22,18,80,15,6,8,0,0,1,0,
21,17,22,21,19,18,23,18,81,15,9,4,0,1,1,0,
21,17,23,21,19,18,24,19,82,16,4,3,0,0,1,0,
21,18,24,21,19,18,24,19,83,18,2,4,0,3,0,0,
24,23,26,22,21,19,24,20,89,19,2,5,0,0,0,1,
25,23,26,24,21,19,24,21,90,20,9,10,0,0,1,0,
25,23,26,24,21,19,25,22,96,21,8,7,0,1,1,0,
25,23,26,25,22,24,26,22,98,21,3,5,0,0,1,0,
25,24,26,26,22,24,26,22,99,23,10,11,0,1,0,1,
25,24,26,26,23,24,26,22,101,25,4,10,0,0,1,0,
26,24,27,26,24,25,26,23,103,26,8,8,0,0,1,0,
26,25,27,27,24,26,28,23,104,26,5,7,0,1,1,0,
26,25,27,28,25,27,28,25,104,26,7,3,0,2,0,0,
27,27,27,28,25,28,28,26,106,26,6,9,0,0,0,1,
27,27,28,28,27,28,28,27,106,27,10,10,0,0,0,1,
27,27,28,28,27,28,28,27,109,28,10,10,0,1,0,0,
28,28,28,28,28,28,28,28,112,28,9,6,0,1,0,0,
0,0,1,0,3,1,0,3,1,1,10,5,0,0,0,1,
0,0,1,1,3,1,1,3,3,1,10,2,0,0,1,0,
1,1,2,1,3,2,1,4,5,3,10,2,0,0,1,0,
2,1,2,1,3,2,2,4,8,3,6,7,0,1,0,1,
2,1,2,2,4,4,2,4,10,3,4,8,0,2,0,0,
4,1,3,3,5,5,4,4,13,3,10,2,0,0,1,0,
5,2,4,3,5,6,5,5,16,3,11,3,0,0,0,1,
5,3,5,3,5,7,5,5,17,5,9,2,0,0,1,0,
7,3,8,4,7,7,6,8,18,5,3,2,0,0,1,0,
9,4,8,4,8,7,8,8,19,5,6,10,0,0,1,0,
9,4,9,4,9,8,8,9,21,5,2,10,0,0,0,1,
11,4,9,5,9,8,8,9,23,5,10,10,0,0,0,1,
12,4,9,5,9,8,8,10,26,5,10,10,0,0,1,0,
12,5,11,5,9,9,8,11,28,5,10,10,0,0,1,0,
12,5,11,6,9,9,8,12,32,5,11,10,0,0,0,1,
12,6,12,6,12,10,8,14,34,6,8,6,0,0,1,0,
12,6,13,6,14,10,9,14,35,7,10,11,0,0,1,0,
12,6,13,6,14,11,10,14,36,10,3,5,0,0,1,0,
13,8,15,7,14,12,11,15,38,10,2,2,0,0,1,0,
15,8,15,7,14,12,11,15,41,10,11,5,0,0,0,1,
18,9,16,8,17,12,12,15,42,11,10,10,0,0,0,1,
18,9,16,8,19,13,13,16,44,12,10,6,0,1,0,0,
18,9,17,8,21,14,13,16,46,12,10,10,1,1,0,0,
19,12,17,8,22,15,13,18,52,16,5,10,0,0,0,1,
19,13,17,9,22,16,13,19,53,16,4,10,0,0,1,0,
20,13,18,9,22,16,13,19,56,16,5,11,0,0,0,1,
20,13,18,10,22,16,13,19,58,17,10,5,0,0,1,0,
21,13,18,11,22,16,13,20,60,17,3,9,0,0,1,0,
22,14,18,11,22,16,13,21,62,17,10,4,0,0,0,1,
22,14,19,11,22,16,13,21,65,17,10,3,0,0,1,0,
23,16,21,12,22,17,14,21,71,18,11,3,0,2,1,0,
23,17,21,12,22,17,15,22,73,19,10,3,0,0,0,1,
25,19,21,13,22,18,16,22,75,20,5,4,0,0,0,1,
25,19,22,14,22,19,16,22,76,20,10,8,0,1,0,0,
25,19,23,14,22,20,17,22,79,20,4,8,0,0,0,1,
25,19,24,15,23,20,18,22,80,20,8,7,0,0,0,1,
25,19,24,15,23,21,19,22,81,21,10,9,0,1,0,0,
25,19,24,15,23,21,19,23,84,22,5,9,0,0,0,1,
25,19,24,16,23,21,19,24,86,22,8,7,0,1,0,0,
25,19,25,17,23,22,21,24,87,22,6,10,0,0,1,0,
25,20,25,18,24,23,21,24,89,22,10,10,0,0,1,0,
25,20,25,18,24,23,21,24,92,24,10,4,0,0,1,0,
25,20,26,19,24,23,22,24,94,24,6,10,0,0,0,1,
25,21,26,20,25,23,22,24,96,24,8,10,0,0,0,1,
25,22,26,21,25,23,23,25,100,25,11,2,0,0,0,1,
26,22,27,22,25,23,24,25,100,26,10,11,0,0,1,0,
26,24,27,23,25,24,25,25,101,27,10,10,0,0,0,1,
26,24,27,23,25,25,25,25,104,27,5,9,0,0,1,0,
26,24,27,26,25,25,25,27,105,27,10,10,0,0,1,0,
26,25,27,27,25,25,26,27,107,28,10,7,0,0,0,1,
0,0,1,0,0,0,0,0,1,0,10,10,0,0,0,1,
0,0,1,0,0,0,0,1,4,0,2,3,0,0,1,0,
2,1,1,0,0,1,0,1,5,0,10,10,0,1,0,0,
3,1,1,0,2,1,1,1,7,0,3,11,0,0,1,0,
3,2,1,0,2,1,1,1,8,3,3,9,0,1,0,0,
4,3,1,0,2,2,2,2,9,3,7,10,0,1,0,0,
4,4,1,1,2,3,2,3,11,3,2,2,0,0,0,1,
7,4,1,1,3,3,2,3,11,4,10,6,0,1,0,0,
7,4,2,1,5,5,2,3,12,4,7,7,0,0,0,1,
7,4,2,1,5,7,3,4,12,4,9,10,0,1,0,0,
7,5,3,1,6,7,3,5,14,4,10,10,0,0,0,1,
8,5,3,1,7,7,3,8,17,4,11,10,0,0,1,0,
9,6,4,1,8,7,3,8,19,5,7,10,0,0,0,1,
10,7,5,1,8,8,3,8,21,5,3,11,0,0,1,0,
11,8,5,1,8,9,3,8,23,6,4,10,0,0,1,0,
11,8,7,2,8,9,3,9,25,6,8,6,0,0,0,1,
11,8,7,2,10,9,6,9,25,6,9,10,0,0,0,1,
11,8,8,3,10,9,7,10,26,6,11,9,0,0,0,1,
11,8,8,3,10,9,7,11,28,7,10,6,0,0,0,1,
11,8,8,3,11,9,7,11,31,7,7,4,0,2,0,0,
12,8,10,6,11,10,9,11,34,7,3,10,0,0,1,0,
13,9,10,6,11,10,9,12,37,7,4,2,0,0,0,1,
14,9,11,6,11,11,9,12,38,7,10,6,0,0,1,0,
14,9,13,8,15,11,9,12,42,7,11,11,0,0,1,0,
14,10,13,8,15,11,9,12,43,10,10,5,0,0,1,0,
15,10,13,9,15,11,10,12,44,11,10,10,0,0,0,1,
16,11,15,10,15,12,12,13,54,11,8,5,0,0,0,1,
16,12,15,12,15,12,13,13,55,11,7,4,0,1,1,0,
16,13,16,12,15,13,14,14,56,11,2,7,0,0,1,0,
17,13,16,12,15,14,14,15,57,12,10,2,0,1,1,0,
20,16,16,14,18,14,15,16,62,16,5,2,0,0,0,1,
21,16,16,15,19,14,17,16,62,16,2,6,0,2,0,1,
23,18,17,16,21,14,18,16,66,17,2,4,0,0,0,1,
24,19,18,19,21,14,19,16,68,18,9,3,0,0,1,0,
24,20,18,19,21,15,19,17,70,18,3,5,0,0,1,0,
24,21,18,22,21,15,19,18,71,18,9,4,0,0,0,1,
24,21,19,22,21,15,20,20,71,18,9,11,0,2,0,0,
25,22,20,23,21,15,21,21,72,19,10,11,0,2,0,0,
25,23,21,23,22,15,21,23,74,20,10,7,0,0,1,0,
25,23,21,23,23,16,21,23,77,21,9,3,0,0,1,0,
25,25,22,23,23,16,22,24,81,21,10,10,0,1,0,0,
25,26,22,25,23,17,23,24,85,22,4,10,0,0,1,0,
25,26,23,26,23,20,23,24,86,22,9,8,0,0,1,0,
25,26,26,28,24,23,25,26,94,23,2,10,0,0,1,0,
26,26,26,28,24,23,26,26,97,23,8,2,0,1,0,1,
27,26,26,28,26,25,27,26,99,24,10,10,0,0,1,0,
28,28,28,28,28,27,27,28,105,26,8,11,0,1,0,1,
28,28,28,28,28,28,28,28,107,27,10,10,0,0,0,1,
28,28,28,28,28,28,28,28,111,27,11,10,0,0,0,1,
1,0,0,0,0,1,0,0,0,1,6,10,0,0,0,1,
1,0,0,1,2,1,0,1,1,1,9,10,0,0,1,0,
3,3,1,3,2,3,2,4,9,3,10,9,0,1,0,0,
3,3,2,3,2,3,2,5,12,3,7,5,1,0,1,0,
5,3,2,6,2,5,6,5,15,3,6,4,0,0,0,1,
5,3,3,6,3,5,7,5,16,3,10,6,0,0,0,1,
5,3,3,6,4,5,7,5,19,3,3,10,0,0,1,0,
6,4,3,6,4,5,7,6,22,3,5,6,0,0,0,1,
7,4,4,7,5,7,7,6,24,4,2,5,0,0,0,1,
10,5,4,8,5,7,7,6,25,4,5,10,0,0,0,1,
10,5,6,9,5,9,7,6,26,4,5,5,0,1,1,0,
10,5,6,11,6,9,7,6,29,4,10,10,0,0,1,0,
10,5,6,11,6,9,7,7,33,4,5,4,0,0,0,1,
10,5,7,12,6,10,7,9,33,4,10,11,0,0,0,1,
10,5,8,13,7,10,8,9,37,5,5,9,0,0,1,0,
10,5,8,14,7,10,8,10,39,6,10,9,0,0,0,1,
10,5,8,14,7,10,8,12,41,6,4,7,0,2,0,0,
11,5,9,15,9,11,8,13,42,6,9,10,0,0,0,1,
12,6,11,16,13,11,10,15,45,7,7,10,0,0,1,0,
13,7,13,16,18,15,10,15,51,9,3,11,0,0,1,0,
13,9,14,16,18,15,11,15,52,11,2,8,0,2,0,0,
14,9,14,16,20,15,13,15,53,11,10,10,0,0,1,0,
18,10,16,20,24,19,14,16,60,12,4,3,0,0,0,1,
18,12,17,21,24,19,14,16,60,13,5,10,0,0,1,0,
18,12,17,22,24,19,15,17,62,13,10,2,0,0,1,0,
21,13,18,22,26,19,15,18,65,14,10,2,0,0,1,0,
22,14,18,22,26,19,15,18,69,14,7,11,0,0,1,0,
23,16,20,22,26,20,15,18,70,15,8,3,0,0,1,0,
23,18,20,23,26,20,16,18,72,16,10,6,0,0,0,1,
23,18,20,24,27,20,16,20,73,16,8,10,0,0,1,0,
24,18,20,24,28,21,20,21,75,17,11,10,0,0,1,0,
25,18,20,25,28,22,20,21,77,18,10,11,0,0,1,0,
25,20,20,25,28,22,20,21,81,19,10,4,0,0,1,0,
25,22,23,25,28,23,21,22,91,22,10,10,0,2,0,0,
25,22,24,25,28,23,21,24,94,23,8,4,0,0,1,0,
26,22,25,25,28,23,22,24,96,24,3,10,0,0,1,0,
26,23,26,25,28,24,22,25,98,24,5,8,0,0,0,1,
26,25,26,26,28,25,24,27,100,25,10,10,0,0,0,1,
26,26,26,26,28,25,25,27,103,25,4,10,0,1,0,0,
27,26,28,28,28,26,26,27,106,27,7,10,0,1,0,0,
27,26,28,28,28,27,27,27,109,27,7,3,0,1,0,1,
28,27,28,28,28,28,28,27,109,28,10,9,0,0,1,0,
0,0,0,0,0,0,0,1,0,0,5,11,0,0,1,0,
0,0,2,1,0,0,0,1,5,2,11,10,0,2,0,0,
1,3,4,1,0,0,0,1,7,3,11,4,0,2,0,0,
1,3,5,3,0,0,2,1,12,4,10,2,0,0,1,0,
2,3,5,3,1,0,2,1,16,4,11,10,0,0,0,1,
2,3,5,3,1,0,2,1,19,5,11,10,0,0,0,1,
2,3,5,5,3,0,4,1,25,6,10,7,0,0,0,1,
2,3,5,6,3,2,5,1,26,6,11,7,0,0,0,1,
2,3,5,6,3,3,7,1,27,7,7,6,0,0,1,0,
3,3,6,7,5,5,7,1,27,7,10,9,0,0,1,0,
4,3,6,7,6,7,7,3,28,7,11,10,0,0,0,1,
4,3,6,7,6,7,8,3,30,8,11,9,0,1,1,0,
5,4,7,7,6,7,8,4,32,9,7,4,0,0,0,1,
6,6,10,8,6,9,11,7,35,11,5,4,0,0,1,0,
7,6,11,10,6,11,12,8,37,13,10,2,0,0,1,0,
10,6,12,11,6,11,13,9,41,14,9,11,0,0,0,1,
10,6,13,12,6,11,13,10,42,15,10,3,0,0,1,0,
11,7,13,12,6,11,13,10,45,15,9,3,0,0,1,0,
11,8,13,12,6,11,14,12,46,15,10,10,0,0,0,1,
11,8,13,12,6,11,14,12,49,16,4,10,0,0,0,1,
11,8,15,13,8,11,14,12,50,16,7,10,0,2,0,0,
11,10,15,14,8,12,14,13,52,16,10,10,0,1,0,0,
11,10,17,15,8,12,14,13,55,16,5,10,0,0,1,0,
12,13,18,17,8,12,15,13,59,17,9,11,0,0,1,0,
12,13,19,17,8,14,15,14,64,18,10,10,0,1,0,0,
12,13,19,17,8,15,15,14,68,18,6,10,0,1,0,1,
17,15,19,18,13,15,16,16,70,20,10,7,0,2,0,0,
19,18,21,19,14,16,18,17,75,21,11,10,0,0,0,1,
19,18,21,19,15,17,19,18,78,23,9,7,0,0,0,1,
19,19,23,20,15,18,20,20,80,23,10,8,0,0,0,1,
19,19,24,21,17,19,21,20,83,23,6,5,0,2,0,0,
21,19,24,23,19,19,21,20,85,23,10,11,0,0,0,1,
21,19,24,23,19,19,22,21,86,24,9,10,0,0,0,1,
22,20,24,23,19,20,22,22,88,24,9,10,0,1,0,0,
22,21,25,23,20,20,22,23,93,26,7,8,0,0,1,0,
23,21,25,25,21,22,23,23,93,26,10,11,0,0,0,1,
23,22,25,25,21,22,23,24,95,27,10,4,0,1,0,0,
24,23,26,25,22,23,24,25,99,27,10,7,0,0,0,1,
24,24,26,25,23,24,24,25,101,27,11,9,0,0,0,1,
24,25,26,25,24,25,25,26,101,28,4,10,0,1,0,0,
24,26,27,26,24,25,26,26,103,28,10,7,0,0,0,1,
24,26,27,26,24,26,26,27,105,28,7,2,0,0,1,0,
27,27,27,27,26,27,28,28,109,28,4,10,0,0,1,0,
0,0,0,0,0,0,0,1,1,0,9,10,0,0,0,1,
1,0,0,0,1,0,0,2,3,0,5,10,0,1,1,0,
1,0,0,1,2,0,0,2,6,0,10,5,0,0,1,0,
1,1,0,2,2,0,0,2,8,1,3,10,0,0,1,0,
2,2,0,2,3,0,0,2,11,1,10,10,0,0,0,1,
2,2,0,2,3,1,0,2,14,1,2,9,0,0,1,0,
4,2,1,3,3,1,0,3,15,2,9,8,0,1,0,0,
4,3,3,4,3,1,2,5,17,3,8,5,0,0,1,0,
5,3,3,5,3,1,4,6,18,3,6,9,0,1,0,0,
5,3,3,6,4,1,4,9,19,3,7,4,0,0,1,0,
6,3,4,6,4,3,5,10,19,3,10,10,0,0,0,1,
6,4,4,6,5,3,5,10,22,3,10,11,0,2,0,0,
8,5,5,7,7,5,5,11,28,5,5,3,0,0,0,1,
8,6,7,8,7,5,5,11,29,5,7,10,0,0,1,0,
8,7,8,9,7,6,5,11,30,7,6,10,0,0,1,0,
9,7,9,9,11,6,7,11,32,8,11,9,0,0,0,1,
11,8,9,9,11,6,8,12,34,11,10,5,0,1,0,0,
11,8,9,10,11,6,8,14,36,11,10,8,0,1,0,1,
11,9,9,11,11,6,9,14,39,11,11,2,0,0,0,1,
12,9,9,11,11,8,9,14,40,12,5,6,0,0,0,1,
12,9,9,12,12,8,10,14,41,12,10,8,0,0,0,1,
12,10,11,14,12,11,12,14,46,12,10,3,0,0,1,0,
12,12,11,14,12,11,14,14,51,13,11,10,0,2,0,0,
12,13,11,14,13,14,15,15,54,14,6,10,0,0,0,1,
13,14,11,15,14,15,15,15,55,14,4,7,0,0,1,0,
13,14,12,15,14,16,17,16,56,14,6,10,0,0,1,0,
14,16,14,17,17,16,18,16,69,16,8,10,0,0,0,1,
17,16,15,18,17,17,20,19,74,16,10,6,0,1,0,1,
17,17,15,18,18,18,20,19,76,16,10,10,0,0,0,1,
17,17,15,18,18,19,20,19,79,16,10,2,0,2,0,0,
23,17,18,19,19,20,21,20,87,20,11,7,0,0,0,1,
23,17,19,21,19,21,21,20,93,23,6,10,0,1,0,0,
23,17,20,22,20,22,22,21,97,24,5,3,0,0,0,1,
23,19,20,23,21,22,22,21,97,25,7,11,0,1,1,0,
23,19,20,23,22,23,22,23,98,26,4,3,0,0,0,1,
25,20,21,23,23,24,22,23,102,26,8,7,0,0,1,0,
25,21,21,23,23,26,23,24,102,27,4,8,1,0,1,0,
26,23,24,23,24,26,24,24,104,28,8,6,0,0,1,0,
26,24,24,23,25,26,25,24,107,28,3,4,0,0,1,0,
26,25,26,24,27,26,27,26,108,28,7,10,0,1,0,0,
27,27,26,26,28,28,27,27,111,28,4,4,0,0,1,0,
0,0,0,0,0,0,0,0,0,1,5,10,0,0,1,0,
0,0,0,2,1,1,0,1,6,1,10,5,0,1,0,0,
1,0,2,4,2,1,0,2,14,1,11,6,0,0,1,0,
1,0,2,4,3,1,1,2,15,3,2,6,0,0,0,1,
2,0,3,5,4,2,2,2,16,6,8,3,1,0,0,1,
2,1,3,5,4,3,6,3,17,6,4,10,0,0,1,0,
7,4,7,7,8,3,8,5,32,12,2,10,0,1,1,0,
9,5,8,10,9,3,11,5,36,13,4,10,0,1,1,0,
9,5,9,11,10,3,12,5,38,13,8,10,0,0,0,1,
9,5,9,11,10,3,13,5,41,13,4,4,0,0,1,0,
10,6,11,11,12,3,13,6,45,13,7,7,0,0,0,1,
10,6,11,11,12,6,13,8,45,13,10,10,0,0,0,1,
11,6,11,11,14,7,13,10,49,13,3,9,0,0,0,1,
11,8,11,11,14,8,14,11,49,13,3,3,0,1,0,1,
12,10,12,11,14,8,14,12,49,14,3,10,0,0,0,1,
12,11,13,12,14,8,14,13,50,14,3,9,0,0,1,0,
12,12,13,12,14,8,14,14,52,15,8,6,0,0,0,1,
12,13,15,12,15,9,15,15,55,15,6,2,0,0,0,1,
14,14,15,12,16,9,16,16,57,16,2,5,0,0,1,0,
15,14,15,15,16,9,16,16,58,17,10,3,0,2,0,0,
16,16,16,16,17,9,17,17,62,17,4,9,0,1,0,0,
17,16,17,16,17,10,17,18,64,17,5,6,0,0,0,1,
17,16,17,19,19,10,17,18,64,18,2,3,0,0,1,0,
20,17,17,19,19,12,17,19,66,20,3,11,0,0,0,1,
20,18,17,19,19,12,18,19,67,21,7,11,0,0,0,1,
20,20,17,20,19,13,18,20,67,22,10,10,0,0,0,1,
20,20,18,20,19,13,18,21,70,22,9,8,0,0,1,0,
20,21,20,20,20,14,20,22,72,23,10,10,0,0,1,0,
21,22,21,23,22,16,23,22,80,23,4,6,0,0,0,1,
21,22,22,26,24,17,23,22,84,24,10,4,0,0,1,0,
21,22,24,26,25,17,23,22,87,24,10,2,0,0,1,0,
22,22,24,27,25,18,23,22,89,24,11,10,0,2,0,0,
22,23,24,27,25,19,23,22,92,26,10,7,0,0,0,1,
22,23,24,27,25,21,23,22,94,26,2,9,0,2,0,0,
23,23,24,27,25,22,23,23,97,26,10,2,0,0,1,0,
24,24,24,27,26,22,25,23,98,26,10,10,0,0,0,1,
24,25,24,27,27,23,25,23,101,26,4,2,0,0,1,0,
27,25,25,28,27,23,26,24,101,26,8,11,0,0,1,0,
27,27,25,28,27,24,27,26,101,27,7,7,2,0,0,0,
28,28,26,28,28,27,27,26,104,27,10,10,0,0,1,0,
28,28,26,28,28,27,28,27,107,27,10,10,0,0,0,1,
28,28,27,28,28,27,28,27,111,27,9,11,0,0,1,0,
0,0,1,0,0,0,0,0,1,0,10,10,0,0,0,1,
1,0,2,0,0,1,1,0,6,1,6,3,0,0,0,1,
1,5,4,1,3,2,1,1,9,1,5,2,0,1,1,0,
3,5,5,3,4,3,1,1,9,1,10,11,0,0,1,0,
4,5,5,4,5,3,1,1,11,2,5,5,0,0,1,0,
5,5,6,6,6,3,2,1,11,3,10,8,0,1,0,0,
5,5,7,7,7,3,4,2,12,3,10,10,0,1,0,0,
5,5,7,7,7,3,5,2,16,3,4,3,0,0,0,1,
5,6,8,8,7,4,8,3,18,3,2,9,0,1,0,1,
8,7,8,9,7,4,8,5,20,6,5,4,0,0,0,1,
8,7,9,10,7,4,9,5,21,6,7,3,0,0,1,0,
8,8,9,11,7,5,10,5,23,6,9,10,0,0,1,0,
8,8,9,11,8,6,10,6,24,7,3,9,0,1,0,1,
9,9,9,11,8,6,10,7,25,8,11,2,0,0,1,0,
10,9,9,11,9,7,10,7,26,9,10,9,0,1,0,0,
10,10,9,11,11,7,10,8,28,9,7,6,0,0,0,1,
11,10,9,11,12,8,10,9,29,9,10,11,0,0,1,0,
11,10,9,13,12,8,10,10,31,10,2,10,0,0,0,1,
12,10,9,13,14,8,10,10,33,10,9,7,0,0,1,0,
12,10,9,13,14,10,10,11,34,11,10,9,0,1,0,0,
12,11,10,13,15,10,11,13,37,12,6,6,0,0,0,1,
12,11,10,14,17,10,11,13,40,15,8,10,0,0,1,0,
14,12,11,15,17,12,12,15,42,16,10,7,0,1,0,0,
14,12,11,16,19,14,12,15,47,16,7,7,0,1,1,0,
14,12,11,17,19,16,13,15,48,16,8,3,0,0,1,0,
14,13,11,17,19,16,15,15,50,16,2,6,0,0,1,0,
16,13,11,17,20,17,15,15,51,16,10,3,0,0,1,0,
16,14,12,20,20,18,20,16,54,16,11,10,0,1,0,1,
16,14,12,20,20,18,20,18,55,18,10,5,0,1,0,1,
17,14,12,21,20,18,20,19,57,18,4,10,0,0,0,1,
18,18,14,21,20,18,21,19,61,18,9,10,0,1,0,0,
18,19,15,23,20,22,22,22,69,20,4,5,0,1,1,0,
18,21,16,25,20,22,22,22,70,20,10,10,0,0,0,1,
18,21,16,26,20,22,23,22,73,20,9,11,0,0,0,1,
18,21,18,26,22,22,23,23,79,23,3,10,0,1,0,1,
18,22,19,26,23,22,23,23,81,24,6,10,0,0,1,0,
19,24,20,27,24,22,24,23,85,24,10,10,0,0,1,0,
22,24,21,27,26,25,25,23,94,26,2,3,0,0,0,1,
26,26,23,28,27,26,26,24,97,26,9,8,0,0,1,0,
27,26,24,28,27,27,27,25,98,26,4,2,0,0,0,1,
28,26,25,28,27,27,27,25,100,26,10,9,0,0,1,0,
28,27,26,28,27,27,27,27,105,27,7,11,0,1,1,0,
28,27,26,28,27,28,28,27,107,28,9,10,0,0,1,0,
28,27,26,28,27,28,28,28,111,28,6,4,0,0,1,0,
1,2,0,2,3,0,1,2,6,1,9,4,0,1,0,0,
1,3,1,4,3,0,1,3,12,1,3,10,0,0,0,1,
1,4,1,4,3,0,1,4,14,1,10,10,0,0,0,1,
2,4,1,4,3,0,3,4,16,1,6,7,0,2,0,0,
2,4,3,4,4,1,3,5,18,1,4,2,0,0,0,1,
3,4,5,5,4,1,3,5,19,1,10,10,0,0,1,0,
4,5,5,5,4,1,3,5,26,2,3,10,0,0,0,1,
4,6,6,5,5,1,4,5,27,2,7,10,0,0,0,1,
4,6,6,5,6,3,5,5,28,2,9,3,0,2,0,0,
4,8,6,5,8,5,6,6,31,2,10,5,0,0,1,0,
4,8,6,6,8,5,7,6,34,2,10,5,0,0,0,1,
7,10,6,7,9,6,8,7,35,3,10,7,0,1,0,0,
7,10,6,7,11,8,8,8,36,3,2,11,0,0,0,1,
9,10,6,7,12,8,8,9,36,5,2,7,1,1,0,0,
12,10,6,7,13,11,9,11,41,6,2,7,0,0,1,0,
13,10,7,7,13,12,9,11,43,6,6,5,0,0,1,0,
13,11,7,8,14,12,10,13,46,6,11,10,0,1,0,1,
13,12,8,8,14,12,10,13,48,8,10,10,0,0,1,0,
14,13,9,10,15,12,10,13,54,9,2,9,0,0,1,0,
15,13,9,10,15,12,11,15,55,9,4,10,0,1,1,0,
15,13,11,10,15,12,11,15,57,10,4,10,0,1,0,1,
15,13,17,10,15,12,11,16,58,10,5,6,0,0,1,0,
18,13,20,11,17,12,14,18,68,10,7,8,0,1,0,1,
18,13,20,12,17,14,15,18,69,10,3,2,0,0,0,1,
21,14,21,12,17,14,15,18,69,11,10,8,0,1,0,0,
21,14,22,12,17,14,16,18,72,11,9,3,0,0,0,1,
21,15,22,12,17,14,16,19,73,12,11,3,0,1,0,1,
21,16,22,12,17,14,17,19,75,13,10,4,0,0,1,0,
21,17,23,13,19,14,18,20,77,15,2,5,0,1,1,0,
24,17,24,15,19,16,18,22,79,16,10,10,0,0,1,0,
24,17,24,15,20,17,18,22,82,16,10,11,0,0,1,0,
24,17,24,15,20,17,19,22,85,17,10,10,0,1,0,0,
24,17,25,16,20,17,20,22,91,17,10,9,0,0,1,0,
24,18,25,16,20,17,20,24,93,17,6,10,0,0,1,0,
24,18,26,17,21,18,20,24,95,17,11,3,0,0,1,0,
0.0,0.0,0.14285714285714285,0.14285714285714285,0.0,0.0,0.0,0.0,0.2857142857142857,0.14285714285714285,5,3,0,0,1,0,0
0.14285714285714285,0.2857142857142857,0.2857142857142857,0.2857142857142857,0.0,0.2857142857142857,0.0,0.2857142857142857,0.5714285714285714,0.14285714285714285,4,7,0,2,0,0,0
0.14285714285714285,0.2857142857142857,0.5714285714285714,0.2857142857142857,0.0,0.7142857142857143,0.14285714285714285,0.42857142857142855,1.0,0.14285714285714285,6,4,0,0,0,1,0
0.2857142857142857,0.2857142857142857,0.7142857142857143,0.2857142857142857,0.2857142857142857,0.7142857142857143,0.14285714285714285,0.42857142857142855,1.1428571428571428,0.14285714285714285,10,5,0,1,1,0,0
0.2857142857142857,0.2857142857142857,0.7142857142857143,0.42857142857142855,0.42857142857142855,0.7142857142857143,0.2857142857142857,0.5714285714285714,1.2857142857142858,0.2857142857142857,10,9,0,1,0,0,2
0.2857142857142857,0.2857142857142857,0.8571428571428571,0.5714285714285714,0.42857142857142855,0.7142857142857143,0.2857142857142857,0.7142857142857143,1.7142857142857142,0.2857142857142857,2,8,0,0,0,1,0
0.42857142857142855,0.2857142857142857,0.8571428571428571,0.5714285714285714,0.42857142857142855,0.7142857142857143,0.42857142857142855,0.7142857142857143,1.8571428571428572,0.42857142857142855,9,3,0,0,0,1,1
0.42857142857142855,0.5714285714285714,1.0,0.8571428571428571,0.42857142857142855,0.7142857142857143,0.5714285714285714,1.0,2.142857142857143,0.42857142857142855,8,8,0,1,0,0,2
0.5714285714285714,0.5714285714285714,1.0,0.8571428571428571,0.42857142857142855,0.7142857142857143,0.8571428571428571,1.0,2.5714285714285716,0.42857142857142855,2,10,0,1,0,0,0
0.7142857142857143,0.5714285714285714,1.0,1.1428571428571428,0.42857142857142855,0.8571428571428571,0.8571428571428571,1.0,2.857142857142857,0.42857142857142855,10,6,0,0,1,0,1
0.8571428571428571,0.8571428571428571,1.0,1.1428571428571428,0.7142857142857143,1.0,0.8571428571428571,1.0,3.0,0.42857142857142855,8,6,0,0,0,1,1
0.8571428571428571,0.8571428571428571,1.0,1.1428571428571428,0.8571428571428571,1.1428571428571428,1.0,1.1428571428571428,3.142857142857143,0.42857142857142855,9,6,0,0,1,0,0
0.8571428571428571,1.0,1.1428571428571428,1.1428571428571428,1.0,1.1428571428571428,1.0,1.4285714285714286,3.142857142857143,0.5714285714285714,10,7,0,0,0,1,0
1.0,1.2857142857142858,1.2857142857142858,1.2857142857142858,1.2857142857142858,1.4285714285714286,1.1428571428571428,1.7142857142857142,4.428571428571429,0.8571428571428571,11,9,0,0,1,0,1
1.1428571428571428,1.4285714285714286,1.2857142857142858,1.2857142857142858,1.2857142857142858,1.5714285714285714,1.4285714285714286,1.8571428571428572,4.857142857142857,1.1428571428571428,10,6,0,2,0,0,2
1.2857142857142858,1.4285714285714286,1.2857142857142858,1.2857142857142858,1.5714285714285714,1.5714285714285714,1.4285714285714286,1.8571428571428572,5.428571428571429,1.1428571428571428,3,3,0,0,0,1,1
1.2857142857142858,1.7142857142857142,1.2857142857142858,1.2857142857142858,1.7142857142857142,1.5714285714285714,1.4285714285714286,1.8571428571428572,5.714285714285714,1.1428571428571428,2,2,0,0,0,1,1
1.5714285714285714,1.7142857142857142,1.2857142857142858,1.4285714285714286,1.7142857142857142,1.7142857142857142,1.4285714285714286,1.8571428571428572,5.857142857142857,1.1428571428571428,8,3,0,0,1,0,1
1.7142857142857142,1.8571428571428572,1.4285714285714286,1.4285714285714286,1.7142857142857142,1.7142857142857142,1.5714285714285714,2.0,6.0,1.2857142857142858,9,2,0,0,0,1,0
1.8571428571428572,2.0,1.5714285714285714,1.7142857142857142,1.7142857142857142,1.7142857142857142,1.5714285714285714,2.142857142857143,6.0,1.2857142857142858,6,10,0,0,1,0,1
1.8571428571428572,2.0,1.8571428571428572,1.7142857142857142,1.8571428571428572,2.0,1.5714285714285714,2.142857142857143,6.142857142857143,1.2857142857142858,8,7,0,1,0,0,2
1.8571428571428572,2.0,1.8571428571428572,1.7142857142857142,2.0,2.2857142857142856,1.8571428571428572,2.142857142857143,6.285714285714286,1.4285714285714286,8,10,0,1,0,0,0
1.8571428571428572,2.0,1.8571428571428572,1.8571428571428572,2.0,2.2857142857142856,2.0,2.142857142857143,6.571428571428571,1.5714285714285714,10,10,0,0,0,1,0
1.8571428571428572,2.0,1.8571428571428572,1.8571428571428572,2.0,2.2857142857142856,2.0,2.142857142857143,7.0,1.7142857142857142,6,3,0,0,0,1,0
1.8571428571428572,2.142857142857143,1.8571428571428572,1.8571428571428572,2.142857142857143,2.2857142857142856,2.0,2.142857142857143,7.285714285714286,1.7142857142857142,10,3,0,2,0,0,0
2.0,2.2857142857142856,2.0,1.8571428571428572,2.2857142857142856,2.2857142857142856,2.0,2.2857142857142856,7.571428571428571,1.7142857142857142,4,7,0,1,1,0,0
2.142857142857143,2.2857142857142856,2.4285714285714284,1.8571428571428572,2.4285714285714284,2.5714285714285716,2.0,2.2857142857142856,7.571428571428571,1.7142857142857142,9,7,0,0,1,0,0
2.142857142857143,2.2857142857142856,2.4285714285714284,2.142857142857143,2.4285714285714284,2.7142857142857144,2.142857142857143,2.4285714285714284,7.714285714285714,1.7142857142857142,10,5,0,3,0,0,0
2.2857142857142856,2.2857142857142856,2.5714285714285716,2.5714285714285716,2.4285714285714284,2.7142857142857144,2.2857142857142856,2.4285714285714284,8.0,1.7142857142857142,11,9,0,1,0,1,1
2.4285714285714284,2.2857142857142856,2.5714285714285716,2.5714285714285716,2.7142857142857144,2.7142857142857144,2.2857142857142856,2.7142857142857144,8.0,2.0,10,10,0,0,0,1,1
2.4285714285714284,2.2857142857142856,2.5714285714285716,2.5714285714285716,2.7142857142857144,2.857142857142857,2.4285714285714284,2.7142857142857144,8.428571428571429,2.0,9,3,0,0,1,0,2
2.4285714285714284,2.4285714285714284,2.5714285714285716,2.5714285714285716,3.0,2.857142857142857,2.7142857142857144,2.857142857142857,8.857142857142858,2.0,10,10,0,0,1,0,0
2.4285714285714284,2.4285714285714284,2.5714285714285716,2.5714285714285716,3.0,2.857142857142857,2.857142857142857,3.0,9.285714285714286,2.0,3,3,0,0,0,1,0
2.4285714285714284,2.7142857142857144,2.5714285714285716,2.5714285714285716,3.0,2.857142857142857,3.0,3.0,9.428571428571429,2.0,2,2,0,0,1,0,0
2.7142857142857144,2.857142857142857,2.5714285714285716,2.7142857142857144,3.0,2.857142857142857,3.0,3.142857142857143,9.428571428571429,2.142857142857143,10,8,0,1,0,0,0
2.7142857142857144,2.857142857142857,2.7142857142857144,2.7142857142857144,3.142857142857143,3.0,3.2857142857142856,3.142857142857143,9.571428571428571,2.142857142857143,11,10,0,0,0,1,1
2.857142857142857,2.857142857142857,2.7142857142857144,2.857142857142857,3.4285714285714284,3.0,3.2857142857142856,3.142857142857143,10.857142857142858,2.2857142857142856,10,10,0,0,1,0,2
2.857142857142857,3.0,3.142857142857143,2.857142857142857,3.4285714285714284,3.0,3.2857142857142856,3.2857142857142856,11.714285714285714,2.2857142857142856,5,6,0,0,0,1,1
2.857142857142857,3.0,3.2857142857142856,3.0,3.5714285714285716,3.0,3.2857142857142856,3.2857142857142856,12.0,2.4285714285714284,3,3,0,0,1,0,0
2.857142857142857,3.2857142857142856,3.2857142857142856,3.4285714285714284,3.5714285714285716,3.0,3.2857142857142856,3.2857142857142856,12.142857142857142,2.4285714285714284,10,10,0,1,0,0,2
2.857142857142857,3.2857142857142856,3.4285714285714284,3.5714285714285716,3.5714285714285716,3.0,3.2857142857142856,3.2857142857142856,12.714285714285714,2.4285714285714284,11,8,0,0,1,0,0
2.857142857142857,3.2857142857142856,3.4285714285714284,3.5714285714285716,3.5714285714285716,3.142857142857143,3.4285714285714284,3.5714285714285716,13.0,2.857142857142857,7,11,0,0,1,0,1
3.0,3.4285714285714284,3.857142857142857,3.5714285714285716,3.7142857142857144,3.5714285714285716,3.4285714285714284,3.7142857142857144,13.571428571428571,3.142857142857143,7,2,0,0,0,1,1
3.142857142857143,3.4285714285714284,3.857142857142857,3.7142857142857144,3.7142857142857144,3.7142857142857144,3.4285714285714284,3.7142857142857144,13.857142857142858,3.2857142857142856,10,10,0,1,0,0,0
3.142857142857143,3.4285714285714284,3.857142857142857,3.7142857142857144,3.857142857142857,3.7142857142857144,3.4285714285714284,3.7142857142857144,14.428571428571429,3.4285714285714284,8,10,0,1,0,0,0
3.142857142857143,3.4285714285714284,4.0,3.857142857142857,3.857142857142857,3.7142857142857144,3.5714285714285716,3.857142857142857,14.571428571428571,3.5714285714285716,9,10,0,0,0,1,1
3.142857142857143,3.4285714285714284,4.0,3.857142857142857,3.857142857142857,3.857142857142857,3.5714285714285716,4.0,14.714285714285714,3.7142857142857144,10,10,0,0,1,0,0
3.142857142857143,3.5714285714285716,4.0,3.857142857142857,3.857142857142857,3.857142857142857,3.5714285714285716,4.0,15.285714285714286,3.7142857142857144,10,5,0,0,1,0,0
3.2857142857142856,3.857142857142857,4.0,4.0,3.857142857142857,3.857142857142857,3.7142857142857144,4.0,15.714285714285714,4.0,3,10,0,0,0,1,0
3.4285714285714284,4.0,4.0,4.0,3.857142857142857,4.0,3.857142857142857,4.0,15.857142857142858,4.0,2,2,0,0,1,0,0
4.0,4.0,4.0,4.0,4.0,4.0,4.0,4.0,16.0,4.0,10,10,0,0,1,0,0
0.14285714285714285,0.42857142857142855,0.0,0.0,0.2857142857142857,0.0,0.14285714285714285,0.0,0.7142857142857143,0.0,7,7,0,0,0,1,0
0.14285714285714285,0.42857142857142855,0.0,0.0,0.2857142857142857,0.2857142857142857,0.14285714285714285,0.0,1.0,0.0,11,10,0,0,1,0,0
0.42857142857142855,0.5714285714285714,0.14285714285714285,0.14285714285714285,0.7142857142857143,0.5714285714285714,0.2857142857142857,0.0,1.8571428571428572,0.42857142857142855,11,10,0,0,1,0,0
0.5714285714285714,0.8571428571428571,0.14285714285714285,0.2857142857142857,0.8571428571428571,0.7142857142857143,0.2857142857142857,0.0,2.4285714285714284,0.7142857142857143,10,2,0,1,0,0,2
0.8571428571428571,0.8571428571428571,0.5714285714285714,0.5714285714285714,1.0,1.0,0.42857142857142855,0.5714285714285714,4.285714285714286,0.8571428571428571,9,10,0,1,1,0,0
0.8571428571428571,1.1428571428571428,0.8571428571428571,0.7142857142857143,1.0,1.0,0.42857142857142855,0.8571428571428571,4.857142857142857,1.1428571428571428,10,8,0,2,0,0,0
1.0,1.2857142857142858,0.8571428571428571,0.7142857142857143,1.0,1.1428571428571428,0.7142857142857143,0.8571428571428571,5.142857142857143,1.1428571428571428,9,5,0,0,0,1,0
1.2857142857142858,1.5714285714285714,0.8571428571428571,1.0,1.0,1.2857142857142858,1.0,1.1428571428571428,5.714285714285714,1.2857142857142858,10,10,0,0,1,0,0
1.2857142857142858,1.5714285714285714,0.8571428571428571,1.0,1.0,1.2857142857142858,1.0,1.2857142857142858,6.285714285714286,1.2857142857142858,10,4,0,2,0,0,0
1.2857142857142858,1.5714285714285714,1.0,1.0,1.0,1.4285714285714286,1.0,1.2857142857142858,6.857142857142857,1.2857142857142858,2,6,0,0,1,0,0
1.4285714285714286,1.8571428571428572,1.0,1.4285714285714286,1.2857142857142858,1.7142857142857142,1.2857142857142858,1.2857142857142858,7.0,1.5714285714285714,10,11,0,0,0,1,1
1.4285714285714286,2.0,1.0,1.5714285714285714,1.2857142857142858,1.7142857142857142,1.4285714285714286,1.2857142857142858,7.285714285714286,1.7142857142857142,6,8,0,0,1,0,1
1.4285714285714286,2.0,1.0,1.8571428571428572,1.4285714285714286,1.8571428571428572,1.5714285714285714,1.2857142857142858,7.428571428571429,1.7142857142857142,4,11,0,0,0,1,0
1.5714285714285714,2.0,1.2857142857142858,2.0,1.4285714285714286,2.0,1.7142857142857142,1.4285714285714286,7.571428571428571,2.0,10,10,0,0,1,0,0
1.5714285714285714,2.0,1.5714285714285714,2.0,1.5714285714285714,2.2857142857142856,2.2857142857142856,1.5714285714285714,8.285714285714286,2.0,2,5,0,1,0,1,1
1.8571428571428572,2.0,1.7142857142857142,2.142857142857143,1.5714285714285714,2.4285714285714284,2.4285714285714284,1.5714285714285714,8.428571428571429,2.0,4,9,0,1,0,0,0
2.142857142857143,2.4285714285714284,1.8571428571428572,2.142857142857143,1.5714285714285714,2.4285714285714284,2.5714285714285716,1.7142857142857142,9.0,2.0,5,6,0,0,0,1,0
2.142857142857143,2.4285714285714284,1.8571428571428572,2.2857142857142856,1.7142857142857142,2.4285714285714284,2.5714285714285716,1.8571428571428572,9.142857142857142,2.0,3,8,0,0,1,0,1
2.142857142857143,2.7142857142857144,2.0,2.2857142857142856,2.0,2.4285714285714284,2.7142857142857144,1.8571428571428572,9.428571428571429,2.2857142857142856,3,10,0,1,0,0,0
2.142857142857143,2.857142857142857,2.0,2.2857142857142856,2.0,2.4285714285714284,2.857142857142857,1.8571428571428572,9.857142857142858,2.2857142857142856,9,9,0,0,1,0,0
2.2857142857142856,2.857142857142857,2.142857142857143,2.4285714285714284,2.142857142857143,2.4285714285714284,2.857142857142857,2.142857142857143,10.0,2.2857142857142856,4,2,0,0,0,1,1
2.4285714285714284,2.857142857142857,2.2857142857142856,2.4285714285714284,2.2857142857142856,2.5714285714285716,2.857142857142857,2.2857142857142856,10.0,2.2857142857142856,7,2,0,0,1,0,0
2.857142857142857,2.857142857142857,2.4285714285714284,2.4285714285714284,2.5714285714285716,2.7142857142857144,2.857142857142857,2.5714285714285716,10.285714285714286,2.5714285714285716,6,10,0,0,0,1,0
2.857142857142857,2.857142857142857,2.4285714285714284,2.4285714285714284,2.7142857142857144,2.7142857142857144,2.857142857142857,2.5714285714285716,10.714285714285714,2.5714285714285716,10,8,0,0,0,1,0
2.857142857142857,2.857142857142857,2.4285714285714284,2.5714285714285716,2.857142857142857,2.857142857142857,3.0,2.5714285714285716,10.857142857142858,2.7142857142857144,4,2,0,0,0,1,0
3.0,2.857142857142857,2.5714285714285716,2.5714285714285716,2.857142857142857,2.857142857142857,3.0,2.5714285714285716,11.142857142857142,2.7142857142857144,9,4,0,0,0,1,1
3.0,2.857142857142857,2.7142857142857144,2.7142857142857144,2.857142857142857,2.857142857142857,3.142857142857143,2.7142857142857144,11.285714285714286,2.7142857142857144,9,2,0,0,0,1,0
3.142857142857143,3.0,3.0,2.7142857142857144,2.857142857142857,2.857142857142857,3.142857142857143,2.857142857142857,11.428571428571429,2.7142857142857144,8,9,0,0,0,1,0
3.142857142857143,3.0,3.0,2.7142857142857144,2.857142857142857,2.857142857142857,3.2857142857142856,3.0,11.714285714285714,2.7142857142857144,10,10,0,0,0,1,2
3.142857142857143,3.0,3.0,2.7142857142857144,2.857142857142857,2.857142857142857,3.2857142857142856,3.0,12.285714285714286,2.7142857142857144,5,7,0,0,0,1,0
3.142857142857143,3.0,3.0,2.857142857142857,2.857142857142857,3.0,3.2857142857142856,3.0,12.571428571428571,2.7142857142857144,10,3,0,0,0,1,0
3.4285714285714284,3.4285714285714284,3.0,3.142857142857143,2.857142857142857,3.0,3.2857142857142856,3.142857142857143,13.0,3.142857142857143,6,2,0,0,0,1,1
3.5714285714285716,3.4285714285714284,3.0,3.2857142857142856,3.0,3.0,3.2857142857142856,3.142857142857143,13.285714285714286,3.142857142857143,6,8,0,0,1,0,2
3.7142857142857144,3.5714285714285716,3.0,3.5714285714285716,3.142857142857143,3.0,3.4285714285714284,3.142857142857143,13.571428571428571,3.142857142857143,11,10,0,0,1,0,1
3.7142857142857144,3.5714285714285716,3.2857142857142856,3.5714285714285716,3.142857142857143,3.0,3.4285714285714284,3.2857142857142856,13.714285714285714,3.4285714285714284,11,5,0,1,0,1,0
3.857142857142857,3.5714285714285716,3.2857142857142856,3.857142857142857,3.2857142857142856,3.0,3.4285714285714284,3.4285714285714284,14.0,3.857142857142857,6,3,0,0,1,0,0
3.857142857142857,3.857142857142857,3.7142857142857144,3.857142857142857,3.4285714285714284,3.0,3.5714285714285716,3.7142857142857144,14.142857142857142,3.857142857142857,10,4,0,0,0,1,0
3.857142857142857,3.857142857142857,3.857142857142857,3.857142857142857,3.4285714285714284,3.0,3.7142857142857144,3.7142857142857144,14.428571428571429,3.857142857142857,10,5,0,1,1,0,0
3.857142857142857,4.0,3.857142857142857,4.0,3.7142857142857144,3.2857142857142856,3.857142857142857,4.0,15.142857142857142,4.0,4,10,0,0,1,0,0
4.0,4.0,4.0,4.0,3.7142857142857144,3.2857142857142856,3.857142857142857,4.0,15.571428571428571,4.0,7,10,0,0,0,1,2
4.0,4.0,4.0,4.0,3.7142857142857144,3.5714285714285716,3.857142857142857,4.0,15.857142857142858,4.0,6,6,0,0,0,1,1
4.0,4.0,4.0,4.0,4.0,3.857142857142857,4.0,4.0,15.857142857142858,4.0,7,10,0,0,1,0,0
0.0,0.0,0.0,0.14285714285714285,0.0,0.14285714285714285,0.0,0.0,0.14285714285714285,0.0,6,9,0,1,0,0,2
0.0,0.14285714285714285,0.0,0.14285714285714285,0.14285714285714285,0.14285714285714285,0.0,0.2857142857142857,0.42857142857142855,0.0,6,10,0,1,0,0,0
0.0,0.14285714285714285,0.0,0.42857142857142855,0.2857142857142857,0.14285714285714285,0.0,0.42857142857142855,0.7142857142857143,0.0,9,4,0,1,0,0,2
0.0,0.14285714285714285,0.14285714285714285,0.42857142857142855,0.42857142857142855,0.14285714285714285,0.14285714285714285,0.5714285714285714,1.0,0.14285714285714285,10,2,0,1,0,0,0
0.14285714285714285,0.14285714285714285,0.2857142857142857,0.5714285714285714,0.42857142857142855,0.14285714285714285,0.14285714285714285,0.5714285714285714,1.2857142857142858,0.2857142857142857,5,5,0,1,1,0,0
0.14285714285714285,0.14285714285714285,0.42857142857142855,0.8571428571428571,0.7142857142857143,0.14285714285714285,0.14285714285714285,0.7142857142857143,1.7142857142857142,0.42857142857142855,3,9,0,0,1,0,0
0.2857142857142857,0.2857142857142857,0.42857142857142855,0.8571428571428571,0.7142857142857143,0.14285714285714285,0.14285714285714285,0.8571428571428571,2.0,0.42857142857142855,3,5,0,0,1,0,1
0.2857142857142857,0.42857142857142855,0.42857142857142855,1.0,0.7142857142857143,0.2857142857142857,0.14285714285714285,0.8571428571428571,2.2857142857142856,0.42857142857142855,11,8,0,1,0,1,1
0.5714285714285714,0.5714285714285714,0.5714285714285714,1.0,0.7142857142857143,0.42857142857142855,0.2857142857142857,0.8571428571428571,2.4285714285714284,0.5714285714285714,4,10,0,0,0,1,1
0.5714285714285714,0.5714285714285714,0.7142857142857143,1.1428571428571428,0.7142857142857143,0.42857142857142855,0.5714285714285714,0.8571428571428571,2.5714285714285716,0.7142857142857143,6,11,0,2,0,1,0
0.5714285714285714,0.7142857142857143,0.7142857142857143,1.1428571428571428,1.1428571428571428,0.42857142857142855,0.5714285714285714,0.8571428571428571,2.7142857142857144,1.0,6,2,0,0,0,1,1
0.7142857142857143,0.8571428571428571,0.8571428571428571,1.1428571428571428,1.2857142857142858,0.5714285714285714,0.5714285714285714,0.8571428571428571,2.857142857142857,1.0,10,9,0,0,1,0,0
0.7142857142857143,0.8571428571428571,0.8571428571428571,1.1428571428571428,1.2857142857142858,0.5714285714285714,0.7142857142857143,1.1428571428571428,3.142857142857143,1.0,10,5,0,0,1,0,0
0.7142857142857143,0.8571428571428571,1.1428571428571428,1.4285714285714286,1.4285714285714286,0.7142857142857143,0.7142857142857143,1.2857142857142858,3.7142857142857144,1.0,10,10,0,0,1,0,0
0.7142857142857143,0.8571428571428571,1.2857142857142858,1.5714285714285714,1.4285714285714286,0.7142857142857143,0.7142857142857143,1.2857142857142858,4.285714285714286,1.0,4,4,0,0,0,1,0
0.8571428571428571,0.8571428571428571,1.5714285714285714,1.5714285714285714,1.4285714285714286,0.8571428571428571,0.7142857142857143,1.2857142857142858,4.428571428571429,1.0,2,4,0,0,1,0,1
1.0,0.8571428571428571,1.8571428571428572,1.5714285714285714,1.4285714285714286,1.0,0.7142857142857143,1.2857142857142858,4.714285714285714,1.0,6,8,0,0,1,0,0
1.1428571428571428,0.8571428571428571,2.0,1.5714285714285714,1.5714285714285714,1.1428571428571428,1.0,1.2857142857142858,4.714285714285714,1.0,9,6,0,1,0,0,2
1.1428571428571428,1.0,2.0,1.5714285714285714,1.7142857142857142,1.1428571428571428,1.0,1.4285714285714286,5.142857142857143,1.1428571428571428,3,3,0,0,1,0,0
1.1428571428571428,1.2857142857142858,2.0,1.7142857142857142,1.7142857142857142,1.1428571428571428,1.1428571428571428,1.5714285714285714,5.142857142857143,1.1428571428571428,10,2,0,0,0,1,0
1.5714285714285714,1.4285714285714286,2.0,1.7142857142857142,1.7142857142857142,1.1428571428571428,1.1428571428571428,1.5714285714285714,5.428571428571429,1.2857142857142858,5,10,0,0,1,0,0
1.8571428571428572,1.7142857142857142,2.4285714285714284,2.0,2.0,1.5714285714285714,1.5714285714285714,1.8571428571428572,6.428571428571429,1.7142857142857142,10,7,0,0,0,1,0
1.8571428571428572,1.7142857142857142,2.4285714285714284,2.0,2.0,1.7142857142857142,1.7142857142857142,1.8571428571428572,6.714285714285714,1.7142857142857142,9,6,0,1,0,1,2
1.8571428571428572,1.7142857142857142,2.7142857142857144,2.142857142857143,2.142857142857143,1.7142857142857142,1.7142857142857142,2.0,6.857142857142857,1.7142857142857142,9,10,0,1,0,0,2
2.142857142857143,1.7142857142857142,2.7142857142857144,2.2857142857142856,2.142857142857143,1.8571428571428572,1.7142857142857142,2.142857142857143,7.285714285714286,1.7142857142857142,11,9,0,0,0,1,2
2.142857142857143,1.8571428571428572,2.7142857142857144,2.2857142857142856,2.142857142857143,2.0,1.7142857142857142,2.2857142857142856,7.428571428571429,1.8571428571428572,11,10,0,0,0,1,1
2.142857142857143,1.8571428571428572,2.7142857142857144,2.2857142857142856,2.142857142857143,2.142857142857143,1.7142857142857142,2.2857142857142856,7.714285714285714,2.0,7,7,0,1,0,0,0
2.5714285714285716,1.8571428571428572,2.857142857142857,2.2857142857142856,2.2857142857142856,2.4285714285714284,1.7142857142857142,2.2857142857142856,8.142857142857142,2.2857142857142856,3,4,0,0,1,0,0
2.5714285714285716,2.0,3.0,2.4285714285714284,2.2857142857142856,2.5714285714285716,1.7142857142857142,2.2857142857142856,8.285714285714286,2.2857142857142856,11,11,0,0,0,1,0
2.7142857142857144,2.142857142857143,3.0,2.7142857142857144,2.2857142857142856,2.7142857142857144,1.7142857142857142,2.2857142857142856,8.714285714285714,2.5714285714285716,6,6,0,0,0,1,1
2.7142857142857144,2.142857142857143,3.142857142857143,2.7142857142857144,2.5714285714285716,2.7142857142857144,1.7142857142857142,2.4285714285714284,8.857142857142858,2.5714285714285716,8,10,0,0,1,0,0
2.857142857142857,2.2857142857142856,3.142857142857143,2.7142857142857144,2.7142857142857144,2.7142857142857144,1.8571428571428572,2.7142857142857144,9.0,2.5714285714285716,10,9,0,1,0,0,0
2.857142857142857,2.2857142857142856,3.142857142857143,2.7142857142857144,2.7142857142857144,2.7142857142857144,1.8571428571428572,2.857142857142857,9.571428571428571,2.5714285714285716,4,3,0,0,1,0,1
3.0,2.4285714285714284,3.2857142857142856,2.857142857142857,2.7142857142857144,2.7142857142857144,1.8571428571428572,2.857142857142857,9.857142857142858,2.5714285714285716,3,3,0,0,0,1,0
3.142857142857143,2.857142857142857,3.2857142857142856,3.0,2.7142857142857144,2.7142857142857144,1.8571428571428572,2.857142857142857,10.0,2.7142857142857144,5,10,0,0,1,0,2
3.142857142857143,2.857142857142857,3.2857142857142856,3.2857142857142856,2.7142857142857144,2.7142857142857144,1.8571428571428572,3.0,10.428571428571429,2.7142857142857144,10,7,0,0,0,1,0
3.142857142857143,2.857142857142857,3.2857142857142856,3.2857142857142856,2.7142857142857144,2.857142857142857,1.8571428571428572,3.0,10.857142857142858,2.7142857142857144,3,6,0,0,1,0,1
3.142857142857143,3.0,3.2857142857142856,3.2857142857142856,3.142857142857143,2.857142857142857,1.8571428571428572,3.0,11.142857142857142,2.7142857142857144,8,4,0,1,0,0,0
3.142857142857143,3.0,3.4285714285714284,3.2857142857142856,3.142857142857143,3.0,2.4285714285714284,3.142857142857143,11.285714285714286,3.0,7,10,0,1,0,0,0
3.142857142857143,3.0,3.4285714285714284,3.2857142857142856,3.142857142857143,3.142857142857143,2.5714285714285716,3.142857142857143,11.571428571428571,3.142857142857143,4,2,0,0,1,0,0
3.4285714285714284,3.142857142857143,3.5714285714285716,3.2857142857142856,3.142857142857143,3.2857142857142856,2.7142857142857144,3.142857142857143,12.285714285714286,3.2857142857142856,6,8,0,0,0,1,0
3.4285714285714284,3.142857142857143,3.5714285714285716,3.2857142857142856,3.2857142857142856,3.2857142857142856,3.0,3.142857142857143,12.428571428571429,3.2857142857142856,10,2,0,1,0,0,0
3.5714285714285716,3.142857142857143,3.5714285714285716,3.2857142857142856,3.2857142857142856,3.2857142857142856,3.0,3.2857142857142856,12.857142857142858,3.2857142857142856,10,6,0,1,0,0,0
3.7142857142857144,3.142857142857143,3.5714285714285716,3.2857142857142856,3.4285714285714284,3.2857142857142856,3.2857142857142856,3.2857142857142856,13.142857142857142,3.2857142857142856,6,11,0,2,0,0,0
3.7142857142857144,3.142857142857143,3.5714285714285716,3.2857142857142856,3.5714285714285716,3.2857142857142856,3.2857142857142856,3.2857142857142856,13.714285714285714,3.4285714285714284,4,5,0,0,1,0,1
3.7142857142857144,3.142857142857143,3.7142857142857144,3.5714285714285716,3.5714285714285716,3.2857142857142856,3.2857142857142856,3.2857142857142856,14.142857142857142,3.4285714285714284,10,8,0,0,0,1,2
3.7142857142857144,3.4285714285714284,3.857142857142857,3.5714285714285716,3.5714285714285716,3.2857142857142856,3.5714285714285716,3.2857142857142856,14.285714285714286,3.4285714285714284,2,9,0,0,0,1,1
3.857142857142857,3.7142857142857144,3.857142857142857,3.5714285714285716,3.5714285714285716,3.2857142857142856,3.5714285714285716,3.4285714285714284,14.571428571428571,3.4285714285714284,10,9,0,0,0,1,0
3.857142857142857,3.7142857142857144,3.857142857142857,3.7142857142857144,3.5714285714285716,3.4285714285714284,3.7142857142857144,3.5714285714285716,14.714285714285714,3.4285714285714284,9,11,0,0,1,0,1
3.857142857142857,3.7142857142857144,3.857142857142857,3.7142857142857144,3.7142857142857144,3.5714285714285716,3.7142857142857144,3.7142857142857144,15.571428571428571,3.5714285714285716,3,9,0,1,0,1,1
3.857142857142857,3.857142857142857,3.857142857142857,3.7142857142857144,3.857142857142857,3.7142857142857144,3.857142857142857,3.857142857142857,15.714285714285714,3.5714285714285716,10,4,0,0,0,1,0
0.14285714285714285,0.0,0.0,0.14285714285714285,0.0,0.0,0.0,0.0,0.8571428571428571,0.14285714285714285,9,3,0,0,1,0,1
0.2857142857142857,0.14285714285714285,0.14285714285714285,0.14285714285714285,0.0,0.0,0.0,0.2857142857142857,0.8571428571428571,0.2857142857142857,2,8,0,0,1,0,0
0.42857142857142855,0.14285714285714285,0.14285714285714285,0.2857142857142857,0.0,0.14285714285714285,0.14285714285714285,0.42857142857142855,1.0,0.2857142857142857,5,5,0,0,0,1,0
0.42857142857142855,0.14285714285714285,0.14285714285714285,0.7142857142857143,0.14285714285714285,0.14285714285714285,0.2857142857142857,0.42857142857142855,1.0,0.2857142857142857,5,10,0,0,0,1,0
0.42857142857142855,0.2857142857142857,0.2857142857142857,0.8571428571428571,0.14285714285714285,0.14285714285714285,0.2857142857142857,0.42857142857142855,1.2857142857142858,0.2857142857142857,3,10,0,0,0,1,0
0.42857142857142855,0.42857142857142855,0.2857142857142857,0.8571428571428571,0.14285714285714285,0.14285714285714285,0.2857142857142857,0.42857142857142855,1.7142857142857142,0.2857142857142857,10,5,0,0,1,0,2
0.5714285714285714,0.7142857142857143,0.2857142857142857,1.0,0.2857142857142857,0.42857142857142855,0.42857142857142855,0.5714285714285714,2.142857142857143,0.42857142857142855,10,10,0,1,0,0,0
0.7142857142857143,0.7142857142857143,0.5714285714285714,1.0,0.2857142857142857,0.42857142857142855,0.42857142857142855,0.5714285714285714,3.0,0.8571428571428571,3,10,1,0,1,0,2
0.8571428571428571,1.0,0.5714285714285714,1.0,0.42857142857142855,0.42857142857142855,0.42857142857142855,0.5714285714285714,3.5714285714285716,0.8571428571428571,10,2,0,1,1,0,0
1.0,1.2857142857142858,0.8571428571428571,1.2857142857142858,0.42857142857142855,0.42857142857142855,0.7142857142857143,0.7142857142857143,3.7142857142857144,0.8571428571428571,8,4,0,0,0,1,0
1.1428571428571428,1.7142857142857142,1.2857142857142858,1.4285714285714286,0.42857142857142855,0.42857142857142855,0.8571428571428571,0.8571428571428571,4.0,0.8571428571428571,7,10,0,0,1,0,1
1.1428571428571428,1.7142857142857142,1.4285714285714286,1.7142857142857142,0.42857142857142855,0.7142857142857143,1.0,1.0,4.285714285714286,1.0,10,2,0,1,0,0,0
1.2857142857142858,1.7142857142857142,1.5714285714285714,1.7142857142857142,0.7142857142857143,0.8571428571428571,1.1428571428571428,1.0,4.857142857142857,1.0,2,6,0,0,1,0,0
1.5714285714285714,1.7142857142857142,1.8571428571428572,1.8571428571428572,0.8571428571428571,1.0,1.1428571428571428,1.1428571428571428,5.428571428571429,1.1428571428571428,8,5,0,0,0,1,0
1.5714285714285714,1.7142857142857142,1.8571428571428572,2.142857142857143,0.8571428571428571,1.0,1.5714285714285714,1.1428571428571428,5.857142857142857,1.2857142857142858,10,9,0,0,0,1,1
1.5714285714285714,1.7142857142857142,1.8571428571428572,2.2857142857142856,1.0,1.1428571428571428,1.5714285714285714,1.2857142857142858,6.0,1.2857142857142858,3,2,0,0,0,1,0
1.8571428571428572,1.8571428571428572,1.8571428571428572,2.2857142857142856,1.0,1.1428571428571428,1.8571428571428572,1.2857142857142858,6.0,1.2857142857142858,2,8,0,0,1,0,0
2.2857142857142856,2.142857142857143,2.0,2.5714285714285716,1.1428571428571428,1.1428571428571428,2.142857142857143,1.5714285714285714,6.714285714285714,1.8571428571428572,7,10,0,1,0,0,0
2.2857142857142856,2.142857142857143,2.0,2.5714285714285716,1.2857142857142858,1.4285714285714286,2.142857142857143,1.5714285714285714,6.857142857142857,2.0,8,10,0,1,0,0,0
2.2857142857142856,2.142857142857143,2.0,2.5714285714285716,1.4285714285714286,1.4285714285714286,2.2857142857142856,1.5714285714285714,7.285714285714286,2.0,2,10,0,0,0,1,1
2.857142857142857,2.4285714285714284,2.142857142857143,2.857142857142857,1.5714285714285714,1.5714285714285714,2.2857142857142856,1.7142857142857142,8.142857142857142,2.0,7,11,0,0,0,1,1
2.857142857142857,2.4285714285714284,2.142857142857143,2.857142857142857,1.5714285714285714,1.8571428571428572,2.2857142857142856,1.7142857142857142,8.285714285714286,2.142857142857143,2,3,0,0,0,1,0
3.0,2.5714285714285716,2.142857142857143,2.857142857142857,1.5714285714285714,2.0,2.2857142857142856,1.7142857142857142,8.428571428571429,2.142857142857143,7,10,0,0,1,0,0
3.0,2.5714285714285716,2.2857142857142856,3.0,1.5714285714285714,2.2857142857142856,2.5714285714285716,1.7142857142857142,9.0,2.142857142857143,10,8,0,1,1,0,0
3.142857142857143,2.5714285714285716,2.4285714285714284,3.0,1.7142857142857142,2.2857142857142856,2.7142857142857144,1.7142857142857142,9.285714285714286,2.142857142857143,10,6,0,0,1,0,2
3.142857142857143,2.857142857142857,2.4285714285714284,3.0,1.8571428571428572,2.2857142857142856,2.7142857142857144,1.8571428571428572,9.714285714285714,2.142857142857143,10,7,0,1,0,0,2
3.142857142857143,2.857142857142857,2.7142857142857144,3.0,2.142857142857143,2.4285714285714284,2.7142857142857144,2.0,11.428571428571429,2.142857142857143,5,9,0,0,1,0,1
3.4285714285714284,2.857142857142857,2.7142857142857144,3.142857142857143,2.142857142857143,2.5714285714285716,2.7142857142857144,2.2857142857142856,11.571428571428571,2.2857142857142856,8,5,0,1,0,0,0
3.4285714285714284,3.0,2.7142857142857144,3.2857142857142856,2.2857142857142856,2.5714285714285716,2.857142857142857,2.4285714285714284,11.714285714285714,2.2857142857142856,5,3,0,1,1,0,0
3.4285714285714284,3.142857142857143,2.857142857142857,3.4285714285714284,2.4285714285714284,2.5714285714285716,2.857142857142857,2.7142857142857144,12.0,2.5714285714285716,9,8,0,1,0,0,0
3.4285714285714284,3.142857142857143,2.857142857142857,3.5714285714285716,2.4285714285714284,2.5714285714285716,3.142857142857143,2.857142857142857,12.142857142857142,2.857142857142857,10,10,0,1,1,0,0
3.4285714285714284,3.142857142857143,2.857142857142857,3.5714285714285716,2.4285714285714284,2.5714285714285716,3.142857142857143,2.857142857142857,12.714285714285714,3.0,8,4,0,2,0,0,2
3.857142857142857,3.142857142857143,3.0,3.7142857142857144,2.5714285714285716,2.7142857142857144,3.4285714285714284,3.0,13.0,3.142857142857143,4,6,0,0,0,1,0
3.857142857142857,3.142857142857143,3.2857142857142856,3.857142857142857,3.142857142857143,2.857142857142857,3.4285714285714284,3.0,13.285714285714286,3.142857142857143,10,10,0,0,1,0,1
3.857142857142857,3.2857142857142856,3.4285714285714284,3.857142857142857,3.142857142857143,3.0,3.5714285714285716,3.0,13.571428571428571,3.4285714285714284,10,10,0,0,0,1,1
3.857142857142857,3.2857142857142856,3.5714285714285716,3.857142857142857,3.4285714285714284,3.0,3.5714285714285716,3.0,14.0,3.4285714285714284,4,8,0,0,1,0,2
3.857142857142857,3.2857142857142856,3.857142857142857,3.857142857142857,3.4285714285714284,3.142857142857143,3.7142857142857144,3.0,14.285714285714286,3.5714285714285716,10,8,0,1,0,0,2
4.0,3.5714285714285716,3.857142857142857,3.857142857142857,3.4285714285714284,3.5714285714285716,3.857142857142857,3.2857142857142856,14.714285714285714,3.5714285714285716,6,10,0,0,1,0,0
4.0,3.5714285714285716,4.0,3.857142857142857,3.5714285714285716,3.5714285714285716,4.0,3.4285714285714284,15.142857142857142,3.857142857142857,6,10,0,0,1,0,0
4.0,3.5714285714285716,4.0,3.857142857142857,3.7142857142857144,3.7142857142857144,4.0,3.4285714285714284,15.571428571428571,3.857142857142857,3,6,0,0,1,0,0
4.0,3.857142857142857,4.0,4.0,3.857142857142857,3.857142857142857,4.0,3.4285714285714284,15.714285714285714,3.857142857142857,9,9,0,1,0,0,0
4.0,3.857142857142857,4.0,4.0,3.857142857142857,3.857142857142857,4.0,4.0,15.857142857142858,3.857142857142857,11,6,0,0,0,1,0
4.0,4.0,4.0,4.0,4.0,4.0,4.0,4.0,16.0,4.0,2,9,0,0,0,1,0
0.14285714285714285,0.0,0.14285714285714285,0.0,0.0,0.14285714285714285,0.0,0.14285714285714285,0.14285714285714285,0.0,9,5,0,0,1,0,2
0.14285714285714285,0.0,0.14285714285714285,0.2857142857142857,0.0,0.2857142857142857,0.14285714285714285,0.2857142857142857,0.2857142857142857,0.0,11,4,0,1,1,0,0
0.42857142857142855,0.14285714285714285,0.2857142857142857,0.2857142857142857,0.0,0.5714285714285714,0.2857142857142857,0.2857142857142857,0.42857142857142855,0.42857142857142855,7,2,0,0,1,0,0
0.5714285714285714,0.14285714285714285,0.2857142857142857,0.2857142857142857,0.0,0.7142857142857143,0.2857142857142857,0.42857142857142855,0.7142857142857143,0.42857142857142855,2,3,0,0,0,1,0
1.0,0.2857142857142857,0.42857142857142855,0.2857142857142857,0.0,0.7142857142857143,0.2857142857142857,0.42857142857142855,0.8571428571428571,0.42857142857142855,4,2,0,1,0,1,0
1.2857142857142858,0.2857142857142857,0.7142857142857143,0.2857142857142857,0.14285714285714285,0.7142857142857143,0.42857142857142855,0.42857142857142855,0.8571428571428571,0.42857142857142855,5,9,0,1,1,0,0
1.4285714285714286,0.2857142857142857,0.7142857142857143,0.42857142857142855,0.14285714285714285,0.7142857142857143,0.42857142857142855,0.5714285714285714,1.1428571428571428,0.42857142857142855,10,9,0,0,0,1,2
1.5714285714285714,0.42857142857142855,0.7142857142857143,0.42857142857142855,0.14285714285714285,0.8571428571428571,0.42857142857142855,1.0,1.7142857142857142,0.42857142857142855,9,10,0,0,1,0,0
1.5714285714285714,0.5714285714285714,0.8571428571428571,0.42857142857142855,0.2857142857142857,0.8571428571428571,0.8571428571428571,1.2857142857142858,2.4285714285714284,0.42857142857142855,11,10,0,0,0,1,2
1.5714285714285714,0.7142857142857143,0.8571428571428571,0.5714285714285714,0.5714285714285714,1.0,1.0,1.2857142857142858,3.142857142857143,0.8571428571428571,7,6,0,0,1,0,0
1.7142857142857142,1.0,1.0,0.5714285714285714,0.8571428571428571,1.1428571428571428,1.0,1.2857142857142858,3.4285714285714284,1.0,7,7,0,0,0,1,0
1.7142857142857142,1.1428571428571428,1.1428571428571428,0.7142857142857143,1.2857142857142858,1.4285714285714286,1.0,1.2857142857142858,3.7142857142857144,1.0,10,10,0,0,0,1,1
1.7142857142857142,1.1428571428571428,1.1428571428571428,0.7142857142857143,1.2857142857142858,1.4285714285714286,1.0,1.4285714285714286,4.142857142857143,1.0,9,8,0,1,0,0,2
1.7142857142857142,1.2857142857142858,1.1428571428571428,0.7142857142857143,1.2857142857142858,1.4285714285714286,1.1428571428571428,1.5714285714285714,4.571428571428571,1.0,8,7,0,1,0,0,0
1.7142857142857142,1.4285714285714286,1.2857142857142858,0.7142857142857143,1.2857142857142858,1.5714285714285714,1.2857142857142858,1.5714285714285714,4.857142857142857,1.0,6,10,0,1,0,0,2
1.7142857142857142,1.4285714285714286,1.2857142857142858,0.7142857142857143,1.4285714285714286,1.8571428571428572,1.4285714285714286,1.7142857142857142,5.0,1.0,9,7,0,0,1,0,2
1.7142857142857142,1.4285714285714286,1.4285714285714286,0.7142857142857143,1.4285714285714286,2.0,1.4285714285714286,1.8571428571428572,5.285714285714286,1.0,10,10,0,0,0,1,2
1.7142857142857142,1.5714285714285714,1.7142857142857142,0.7142857142857143,1.5714285714285714,2.0,1.5714285714285714,2.0,6.285714285714286,1.4285714285714286,10,10,0,0,0,1,1
1.8571428571428572,1.5714285714285714,1.7142857142857142,0.7142857142857143,1.7142857142857142,2.0,1.5714285714285714,2.0,6.714285714285714,1.4285714285714286,4,9,0,0,0,1,0
1.8571428571428572,1.7142857142857142,2.142857142857143,0.7142857142857143,1.7142857142857142,2.0,1.7142857142857142,2.142857142857143,6.714285714285714,1.4285714285714286,2,9,0,0,1,0,1
2.0,1.7142857142857142,2.142857142857143,0.7142857142857143,1.7142857142857142,2.0,1.8571428571428572,2.2857142857142856,7.0,1.4285714285714286,10,6,0,0,1,0,1
2.0,2.142857142857143,2.142857142857143,0.7142857142857143,2.0,2.2857142857142856,1.8571428571428572,2.2857142857142856,7.571428571428571,1.4285714285714286,10,4,0,0,1,0,2
2.0,2.2857142857142856,2.5714285714285716,0.8571428571428571,2.142857142857143,2.4285714285714284,2.0,2.2857142857142856,8.142857142857142,1.5714285714285714,10,5,0,1,0,0,0
2.0,2.2857142857142856,2.5714285714285716,1.0,2.2857142857142856,2.4285714285714284,2.0,2.2857142857142856,8.571428571428571,1.7142857142857142,4,10,0,0,0,1,1
2.0,2.5714285714285716,2.7142857142857144,1.0,2.2857142857142856,2.4285714285714284,2.0,2.2857142857142856,9.0,1.7142857142857142,9,11,0,0,1,0,0
2.0,2.5714285714285716,2.7142857142857144,1.0,2.2857142857142856,2.4285714285714284,2.0,2.4285714285714284,9.285714285714286,2.0,9,5,0,0,1,0,1
2.0,2.857142857142857,2.7142857142857144,1.2857142857142858,2.2857142857142856,2.7142857142857144,2.0,2.857142857142857,9.714285714285714,2.0,10,10,0,1,0,0,0
2.0,3.142857142857143,2.7142857142857144,1.4285714285714286,2.4285714285714284,2.7142857142857144,2.2857142857142856,3.0,10.285714285714286,2.142857142857143,11,2,0,0,0,1,1
2.2857142857142856,3.142857142857143,2.7142857142857144,1.4285714285714286,2.7142857142857144,2.7142857142857144,2.2857142857142856,3.142857142857143,10.571428571428571,2.5714285714285716,10,5,0,1,1,0,0
2.4285714285714284,3.2857142857142856,3.142857142857143,1.7142857142857142,2.7142857142857144,2.857142857142857,2.2857142857142856,3.2857142857142856,10.857142857142858,2.7142857142857144,11,2,0,0,1,0,0
2.7142857142857144,3.2857142857142856,3.142857142857143,2.0,2.857142857142857,3.0,2.4285714285714284,3.2857142857142856,11.142857142857142,2.857142857142857,10,2,0,0,0,1,0
2.857142857142857,3.2857142857142856,3.142857142857143,2.0,2.857142857142857,3.0,2.5714285714285716,3.2857142857142856,11.285714285714286,3.0,5,10,0,0,0,1,0
2.857142857142857,3.2857142857142856,3.142857142857143,2.2857142857142856,3.0,3.0,2.5714285714285716,3.2857142857142856,11.571428571428571,3.0,10,8,0,0,0,1,0
2.857142857142857,3.2857142857142856,3.142857142857143,2.2857142857142856,3.142857142857143,3.142857142857143,2.857142857142857,3.2857142857142856,11.714285714285714,3.0,3,7,0,0,0,1,0
3.0,3.4285714285714284,3.142857142857143,2.2857142857142856,3.142857142857143,3.2857142857142856,2.857142857142857,3.4285714285714284,11.857142857142858,3.0,8,2,0,0,1,0,0
3.2857142857142856,3.5714285714285716,3.142857142857143,2.7142857142857144,3.2857142857142856,3.4285714285714284,3.142857142857143,3.5714285714285716,12.142857142857142,3.0,6,11,0,0,1,0,0
3.4285714285714284,3.5714285714285716,3.2857142857142856,2.7142857142857144,3.5714285714285716,3.5714285714285716,3.142857142857143,3.5714285714285716,12.285714285714286,3.142857142857143,10,10,0,0,0,1,1
3.4285714285714284,3.5714285714285716,3.5714285714285716,2.857142857142857,3.5714285714285716,3.7142857142857144,3.4285714285714284,3.5714285714285716,12.857142857142858,3.142857142857143,10,10,0,0,1,0,0
3.5714285714285716,3.5714285714285716,3.5714285714285716,3.142857142857143,3.7142857142857144,3.7142857142857144,3.5714285714285716,3.5714285714285716,13.428571428571429,3.4285714285714284,7,9,0,0,0,1,0
